Base_Index,Note_Name,Inner_Product
1,E4,-1.2295861
2,G4,12.184568
3,G3,8.500744
4,FS3,10.305145
5,D3,10.52284
6,G4,12.573385
7,EF4,15.583119
8,EF4,18.958525
9,FS3,14.69879
10,A3,13.013588
11,B3,2.7969406
